{
  "20250821_031505": {
    "overall": {
      "n": 5200,
      "refusals": 3865,
      "refusal_rate": 0.7432692307692308,
      "ci95": [
        0.7312195051471357,
        0.7549597820932754
      ]
    },
    "plain": {
      "n": 2600,
      "refusals": 2371,
      "refusal_rate": 0.911923076923077,
      "ci95": [
        0.9004126263255068,
        0.9222180590433728
      ]
    },
    "tool": {
      "n": 2600,
      "refusals": 1494,
      "refusal_rate": 0.5746153846153846,
      "ci95": [
        0.5555148350377763,
        0.5934957652998172
      ]
    }
  },
  "20250821_121206": {
    "overall": {
      "n": 5200,
      "refusals": 3394,
      "refusal_rate": 0.6526923076923077,
      "ci95": [
        0.6396429323067522,
        0.665516240870233
      ]
    },
    "plain": {
      "n": 2600,
      "refusals": 2247,
      "refusal_rate": 0.8642307692307692,
      "ci95": [
        0.8505252031806317,
        0.8768615933126728
      ]
    },
    "tool": {
      "n": 2600,
      "refusals": 1147,
      "refusal_rate": 0.4411538461538462,
      "ci95": [
        0.4221687434676091,
        0.46031258719397955
      ]
    }
  },
  "20250821_222606": {
    "overall": {
      "n": 5200,
      "refusals": 4589,
      "refusal_rate": 0.8825,
      "ci95": [
        0.8734638340334239,
        0.8909714247184951
      ]
    },
    "plain": {
      "n": 2600,
      "refusals": 2493,
      "refusal_rate": 0.9588461538461538,
      "ci95": [
        0.9505091499395429,
        0.9658292325488541
      ]
    },
    "tool": {
      "n": 2600,
      "refusals": 2096,
      "refusal_rate": 0.8061538461538461,
      "ci95": [
        0.7905114372362992,
        0.8208928816746514
      ]
    }
  }
}